{
  "Inputs" : {
    "Sleep" : {
      "MLFeatureShortDescription" : "--"
    },
    "TimeSpent_Sleep" : {
      "MLFeatureShortDescription" : "--"
    },
    "Activity" : {
      "MLFeatureShortDescription" : "--"
    },
    "Workouts" : {
      "MLFeatureShortDescription" : "--"
    },
    "TimeSpent_StateOfMind" : {
      "MLFeatureShortDescription" : "--"
    },
    "TimeSpent_Activity" : {
      "MLFeatureShortDescription" : "--"
    },
    "State of Mind" : {
      "MLFeatureShortDescription" : "--"
    },
    "TimeSpent_Workouts" : {
      "MLFeatureShortDescription" : "--"
    }
  },
  "Outputs" : {
    "Target" : {
      "MLFeatureShortDescription" : "--"
    }
  },
  "TrainingInputs" : {

  },
  "States" : {

  }
}