{"activityEntities":[],"dataResult":{"createdDate":"2024-09-29T20:36:34Z","dataURL":"file:\/\/\/Users\/dervis\/Desktop\/cokekstra\/.venv\/lib\/python3.9\/site-packages\/merged_user_interaction_data.csv","dataSourceID":"405842F2-653E-4A70-BBE7-CD2FDAAD99E6"},"preferredFilename":"merged_user_interaction_data.csv","id":"405842F2-653E-4A70-BBE7-CD2FDAAD99E6","title":"merged_user_interaction_data.csv","createdDate":"2024-09-29T20:36:34Z","modifiedDate":"2024-09-29T20:36:34Z","experimentIDs":["1DC0E794-7301-49AB-A7B0-4AACD6F8CD1B"],"dataPathRelativeToProjectURL":"..\/..\/cokekstra\/.venv\/lib\/python3.9\/site-packages\/merged_user_interaction_data.csv\/","version":"1.0","dataURL":"file:\/\/\/Users\/dervis\/Desktop\/cokekstra\/.venv\/lib\/python3.9\/site-packages\/merged_user_interaction_data.csv","pathType":0}