{"id":"E51DE6DF-9D67-424F-B6FE-67456DE3C359","activityEntities":["experimentCreated",[{"subtitle":"MLmodelIntegrated 2","createdDate":"2024-09-29T20:38:44Z","title":"Model Source Created","id":"5B5DFB9B-B62E-46DE-905F-C35FB99A7DDB","event":"experimentCreated"}]],"title":"MLmodelIntegrated 2","evaluationContainerEntity":{"trainingEvaluationEntity":{"createdDate":"2024-09-29T20:38:44Z","analysedDataType":"none","id":"72486aba-0ba4-466b-9d03-da8e787368f8","dataResult":{}},"evaluationEntities":[],"previewType":"tabularRegressor","id":"ad586721-a85e-424e-8db8-06ea2f4e7c5b","validationEvaluationEntity":{"dataResult":{},"createdDate":"2024-09-29T20:38:44Z","id":"65702f48-7b1f-4524-b37a-cf84f024bb05","analysedDataType":"none"},"modifiedDate":"2024-09-29T20:38:44Z","createdDate":"2024-09-29T20:38:44Z","testingEvaluationEntity":{"id":"4ebde148-aa21-4fd8-8a4e-26ec79f493a2","dataResult":{},"analysedDataType":"none","createdDate":"2024-09-29T20:38:44Z"}},"version":"1.0","snapshotRole":{"withoutSnapshots":0},"settingEntity":{"harVideoAugmentations":0,"handActionClassifierAugmentations":[],"seedType":"default","augmentations":[],"transferLearningEmbeddingType":"dynamic","generalRegressorType":{"auto":{}},"algorithmType":"maxEnt","featureNames":[],"styleTransferAlgorithmType":"image","handPoseClassifierAugmentations":[],"taskType":"generalRegresor"},"modifiedDate":"2024-09-29T20:38:44Z","preferredFilename":"MLmodelIntegrated 2","state":"uninitialized","evaluationState":"uninitialized","modelEntity":{"version":"1.0","title":"","createdDate":"2024-09-29T20:38:44Z","experimentID":"E51DE6DF-9D67-424F-B6FE-67456DE3C359","preferredFilename":"","id":"EF44F84D-BC68-44C6-9E7F-9B8428772705","modifiedDate":"2024-09-29T20:38:44Z"},"evaluationEntity":{"dataResult":{},"analysedDataType":"none","id":"ddb54a45-fb14-4870-a7fd-53fba5679190"},"trainingEntity":{"dataResult":{},"checkpointMetrics":{},"featureExtractionCheckpointMayBeAvailable":false,"analysedDataType":"choose","snapshottableCheckpoints":{},"progress":[]},"validationEntity":{"dataResult":{},"analysedDataType":"auto"},"contentDataResult":{},"createdDate":"2024-09-29T20:38:44Z"}