{"title":"MLmodelIntegrated 1","id":"1DC0E794-7301-49AB-A7B0-4AACD6F8CD1B","evaluationState":"uninitialized","contentDataResult":{"createdDate":"2024-09-29T20:36:34Z"},"activityEntities":["experimentCreated",[{"event":"experimentCreated","id":"A53662C4-0904-4360-BA9F-8C9B37C4B31F","subtitle":"MLmodelIntegrated 1","title":"Model Source Created","createdDate":"2024-09-29T17:17:08Z"}],"trainingDataAdded",[{"createdDate":"2024-09-29T20:36:34Z","title":"Training Data Added","id":"85ADCC4B-1D3F-482E-9F18-2E5F89A20F7E","event":"trainingDataAdded","subtitle":"merged_user_interaction_data.csv"}]],"settingEntity":{"suggestedColumnTypes":["String","String"],"suggestedColumnValues":["z@gmail.com.csv, z@gmail.com.csv, z@gmail.com.csv, userA@gmail.com.csv, iris1@gmail.com.csv, icardi@gmail.com.csv, icardi@gmail.com.csv, icardi@gmail.com.csv","Unknown, Target, Workouts, Sleep, Sleep, Activity, Target, State of Mind"],"styleTransferAlgorithmType":"image","generalRegressorType":{"auto":{}},"seedType":"default","targetColumn":"Target","algorithmType":"maxEnt","taskType":"generalRegresor","handActionClassifierAugmentations":[],"transferLearningEmbeddingType":"dynamic","suggestedColumns":["User","Target"],"handPoseClassifierAugmentations":[],"featureNames":["User"],"augmentations":[],"harVideoAugmentations":0},"trainingEntity":{"dataResult":{"itemsCount":8,"columnTypes":["String","String"],"error":{"code":1000,"errorType":"notReady","reason":"Data type of target must be int or double","domain":"composer.error.domain"},"createdDate":"2024-09-29T20:36:34Z","columns":["User","Target"],"dataAnalysis":{"summary":{"canUseValidation":0,"sampleCount":8},"issues":[{"severity":"notReady","description":"Data type of target must be int or double"},{"severity":"info","description":"Data has 8 rows"}],"classifierAnalysis":{},"objectDetectorAnalysis":{"details":{}}},"columnValues":["z@gmail.com.csv, z@gmail.com.csv, z@gmail.com.csv, userA@gmail.com.csv, iris1@gmail.com.csv, icardi@gmail.com.csv, icardi@gmail.com.csv, icardi@gmail.com.csv","Unknown, Target, Workouts, Sleep, Sleep, Activity, Target, State of Mind"],"dataURL":"file:\/\/\/Users\/dervis\/Desktop\/cokekstra\/.venv\/lib\/python3.9\/site-packages\/merged_user_interaction_data.csv","dataSourceID":"405842F2-653E-4A70-BBE7-CD2FDAAD99E6"},"dataSourceID":"405842F2-653E-4A70-BBE7-CD2FDAAD99E6","snapshottableCheckpoints":{},"progress":[],"featureExtractionCheckpointMayBeAvailable":false,"analysedDataType":"datasource","checkpointMetrics":{}},"validationEntity":{"dataResult":{"createdDate":"2024-09-29T20:36:34Z"},"analysedDataType":"auto"},"modelEntity":{"id":"D8C781D1-AC90-45A5-B2A4-2A986DB9E149","createdDate":"2024-09-29T17:17:08Z","version":"1.0","experimentID":"1DC0E794-7301-49AB-A7B0-4AACD6F8CD1B","title":"","preferredFilename":"","modifiedDate":"2024-09-29T17:17:08Z"},"evaluationEntity":{"analysedDataType":"none","id":"421e8229-7d4f-4bcf-9ea5-8f8667ed9cca","dataResult":{}},"snapshotRole":{"withoutSnapshots":0},"preferredFilename":"MLmodelIntegrated 1","version":"1.0","evaluationContainerEntity":{"createdDate":"2024-09-29T20:39:17Z","modifiedDate":"2024-09-29T20:39:17Z","trainingEvaluationEntity":{"dataResult":{"dataURL":"file:\/\/\/Users\/dervis\/Desktop\/cokekstra\/.venv\/lib\/python3.9\/site-packages\/merged_user_interaction_data.csv","dataAnalysis":{"summary":{"canUseValidation":0,"sampleCount":8},"issues":[{"severity":"notReady","description":"Data type of target must be int or double"},{"severity":"info","description":"Data has 8 rows"}],"objectDetectorAnalysis":{"details":{}},"classifierAnalysis":{}},"itemsCount":8,"dataSourceID":"405842F2-653E-4A70-BBE7-CD2FDAAD99E6","createdDate":"2024-09-29T20:36:34Z"},"analysedDataType":"none","id":"2732f325-0b47-431f-a314-e423ae850b03","createdDate":"2024-09-29T17:17:08Z","dataSourceID":"405842F2-653E-4A70-BBE7-CD2FDAAD99E6"},"id":"58a00b86-5176-48be-b65b-5969f28e0035","validationEvaluationEntity":{"id":"1ed62db8-3840-47da-9d10-eec848e868fc","analysedDataType":"auto","dataResult":{"createdDate":"2024-09-29T20:36:34Z"},"createdDate":"2024-09-29T17:17:08Z"},"evaluationEntities":[],"previewType":"tabularRegressor","testingEvaluationEntity":{"id":"f2fc1672-81c2-427d-8215-8169dc5dc541","dataResult":{"createdDate":"2024-09-29T20:36:34Z"},"analysedDataType":"none","createdDate":"2024-09-29T17:17:08Z"}},"createdDate":"2024-09-29T17:17:08Z","state":"uninitialized","modifiedDate":"2024-09-29T20:39:17Z"}